{"geo": ["gb | London", "de | Berlin", "jp | Tokyo", "us | New York", "us | San Francisco"], "weatherdata": [{"freezing": 0.005750273822562979, "cold": 0.5449069003285871, "warm": 0.4359255202628697, "hot": 0.013417305585980284, "not_rainy": 0.9822015334063526, "lightly_rainy": 0.0002738225629791895, "very_rainy": 0.24780941949616647, "not_snowy": 0.9717962760131434, "lightly_snowy": 0.027656078860898138, "very_snowy": 0.000547645125958379, "windy": 0.5079408543263965, "low_humidity": 0.0, "medium_humidity": 0.014786418400876232, "high_humidity": 0.9852135815991238, "clear": 0.14950711938663747, "partly_cloudy": 0.3433734939759036, "cloudy": 0.5071193866374589, "geo": "gb | London", "city": "London", "country": "United Kingdom"}, {"freezing": 0.07228915662650602, "cold": 0.47809419496166483, "warm": 0.3956736035049288, "hot": 0.05394304490690033, "not_rainy": 0.9805585980284776, "lightly_rainy": 0.0, "very_rainy": 0.24123767798466594, "not_snowy": 0.9142935377875137, "lightly_snowy": 0.08515881708652794, "very_snowy": 0.000547645125958379, "windy": 0.3644578313253012, "low_humidity": 0.0, "medium_humidity": 0.12458926615553122, "high_humidity": 0.8754107338444688, "clear": 0.22343921139101863, "partly_cloudy": 0.3124315443592552, "cloudy": 0.4641292442497262, "geo": "de | Berlin", "city": "Berlin", "country": "Germany"}, {"freezing": 0.0, "cold": 0.32940854326396496, "warm": 0.47973713033953996, "hot": 0.19085432639649508, "not_rainy": 0.9096385542168675, "lightly_rainy": 0.0002738225629791895, "very_rainy": 0.28778751369112815, "not_snowy": 0.9759036144578314, "lightly_snowy": 0.0208105147864184, "very_snowy": 0.0032858707557502738, "windy": 0.5134173055859803, "low_humidity": 0.0002738225629791895, "medium_humidity": 0.16785323110624314, "high_humidity": 0.8318729463307777, "clear": 0.37431544359255203, "partly_cloudy": 0.29299014238773274, "cloudy": 0.3326944140197152, "geo": "jp | Tokyo", "city": "Tokyo", "country": "Japan"}, {"freezing": 0.06872946330777656, "cold": 0.39868565169769987, "warm": 0.3888280394304491, "hot": 0.14375684556407448, "not_rainy": 0.9348302300109529, "lightly_rainy": 0.0, "very_rainy": 0.23055859802847756, "not_snowy": 0.920591456736035, "lightly_snowy": 0.06845564074479737, "very_snowy": 0.01095290251916758, "windy": 0.29326396495071194, "low_humidity": 0.0, "medium_humidity": 0.24507119386637458, "high_humidity": 0.7549288061336255, "clear": 0.3822562979189485, "partly_cloudy": 0.3129791894852136, "cloudy": 0.3047645125958379, "geo": "us | New York", "city": "New York", "country": "United States"}, {"freezing": 0.0, "cold": 0.48028477546549836, "warm": 0.5197152245345017, "hot": 0.0, "not_rainy": 0.952354874041621, "lightly_rainy": 0.0, "very_rainy": 0.1328039430449069, "not_snowy": 1.0, "lightly_snowy": 0.0, "very_snowy": 0.0, "windy": 0.5090361445783133, "low_humidity": 0.000547645125958379, "medium_humidity": 0.040251916757940855, "high_humidity": 0.9592004381161008, "clear": 0.453723986856517, "partly_cloudy": 0.3321467688937568, "cloudy": 0.21412924424972618, "geo": "us | San Francisco", "city": "San Francisco", "country": "United States"}]}